{
  "strategy": "long_term",
  "total_runs": 18,
  "first_run": 1,
  "last_run": 3,
  "aggregation_date": "2025-09-07 06:37:54",
  "total_return_mean": 1.045321035232578,
  "total_return_std": 1.0689197421356427,
  "total_return_min": 0.0,
  "total_return_max": 2.6239399854579992,
  "total_return_median": 0.8004794701090029,
  "total_return_q25": 0.0,
  "total_return_q75": 1.9710772783769959,
  "sharpe_ratio_mean": 0.3806613355564117,
  "sharpe_ratio_std": 0.3852137823258654,
  "sharpe_ratio_min": 0.0,
  "sharpe_ratio_max": 0.9026033633228956,
  "sharpe_ratio_median": 0.3249055864055926,
  "sharpe_ratio_q25": 0.0,
  "sharpe_ratio_q75": 0.7489799630015905,
  "max_drawdown_mean": -0.2978057360926107,
  "max_drawdown_std": 0.3005526051749791,
  "max_drawdown_min": -0.6960246163412026,
  "max_drawdown_max": 0.0,
  "max_drawdown_median": -0.2564546739130239,
  "max_drawdown_q25": -0.5781190760843377,
  "max_drawdown_q75": 0.0,
  "win_rate_mean": 0.4307815082186812,
  "win_rate_std": 0.00755099868885477,
  "win_rate_min": 0.41444411147737487,
  "win_rate_max": 0.4389556135770235,
  "win_rate_median": 0.43392980041293877,
  "win_rate_q25": 0.42897828408686367,
  "win_rate_q75": 0.43581675150393334,
  "total_trades_mean": 8242.111111111111,
  "total_trades_std": 4030.526804400097,
  "total_trades_min": 