{
  "strategy": "long_term",
  "total_runs": 24,
  "first_run": 1,
  "last_run": 3,
  "aggregation_date": "2025-09-09 04:07:43",
  "total_return_mean": 1.3266095252595989,
  "total_return_std": 1.0583666893145098,
  "total_return_min": 0.0,
  "total_return_max": 2.6239399854579992,
  "total_return_median": 1.9164077221869946,
  "total_return_q25": 0.0,
  "total_return_q75": 2.000420151543748,
  "sharpe_ratio_mean": 0.484116323752751,
  "sharpe_ratio_std": 0.3806720254853775,
  "sharpe_ratio_min": 0.0,
  "sharpe_ratio_max": 0.9026033633228957,
  "sharpe_ratio_median": 0.723300826550435,
  "sharpe_ratio_q25": 0.0,
  "sharpe_ratio_q75": 0.7575396751519757,
  "max_drawdown_mean": -0.37769058681467854,
  "max_drawdown_std": 0.29608695617548264,
  "max_drawdown_min": -0.6960246163412026,
  "max_drawdown_max": 0.0,
  "max_drawdown_median": -0.5777780487334901,
  "max_drawdown_q25": -0.5782327518679538,
  "max_drawdown_q75": 0.0,
  "win_rate_mean": 0.43167121019958227,
  "win_rate_std": 0.00674363460423686,
  "win_rate_min": 0.41444411147737487,
  "win_rate_max": 0.4389556135770235,
  "win_rate_median": 0.4340811404734327,
  "win_rate_q25": 0.4319733583134633,
  "win_rate_q75": 0.43581675150393334,
  "total_trades_mean": 9141.0,
  "total_trades_std": 3927.8467595702696,
  "total_trades_min": 