{
  "strategy": "long_term",
  "total_runs": 21,
  "first_run": 1,
  "last_run": 3,
  "aggregation_date": "2025-09-08 06:36:54",
  "total_return_mean": 1.2060573152480185,
  "total_return_std": 1.0719786936900861,
  "total_return_min": 0.0,
  "total_return_max": 2.6239399854579992,
  "total_return_median": 1.9164077221869942,
  "total_return_q25": 0.0,
  "total_return_q75": 1.971077278376997,
  "sharpe_ratio_mean": 0.43977847166860556,
  "sharpe_ratio_std": 0.38603508835449185,
  "sharpe_ratio_min": 0.0,
  "sharpe_ratio_max": 0.9026033633228956,
  "sharpe_ratio_median": 0.674819497746714,
  "sharpe_ratio_q25": 0.0,
  "sharpe_ratio_q75": 0.7575396751519757,
  "max_drawdown_mean": -0.34345422221950656,
  "max_drawdown_std": 0.30061969695976243,
  "max_drawdown_min": -0.6960246163412026,
  "max_drawdown_max": 0.0,
  "max_drawdown_median": -0.561710783765739,
  "max_drawdown_q25": -0.5782327518679536,
  "max_drawdown_q75": 0.0,
  "win_rate_mean": 0.4312899093506247,
  "win_rate_std": 0.007114533924917862,
  "win_rate_min": 0.41444411147737487,
  "win_rate_max": 0.4389556135770235,
  "win_rate_median": 0.43392980041293877,
  "win_rate_q25": 0.42897828408686367,
  "win_rate_q75": 0.43581675150393334,
  "total_trades_mean": 8755.761904761905,
  "total_trades_std": 3997.007891681951,
  "total_trades_min": 