{
  "strategy": "long_term",
  "total_runs": 36,
  "first_run": 1,
  "last_run": 3,
  "aggregation_date": "2025-09-10 06:35:16",
  "total_return_mean": 1.6078980152866202,
  "total_return_std": 0.9692493248542506,
  "total_return_min": 0.0,
  "total_return_max": 2.6239399854579992,
  "total_return_median": 1.9437425002819957,
  "total_return_q25": 1.2007192051635043,
  "total_return_q75": 2.092216816003103,
  "sharpe_ratio_mean": 0.5875713119490901,
  "sharpe_ratio_std": 0.34644892078785744,
  "sharpe_ratio_min": 0.0,
  "sharpe_ratio_max": 0.9026033633228957,
  "sharpe_ratio_median": 0.7233008265504353,
  "sharpe_ratio_q25": 0.4873583796083889,
  "sharpe_ratio_q75": 0.7582511662157063,
  "max_drawdown_mean": -0.4575754375367464,
  "max_drawdown_std": 0.26877485746863183,
  "max_drawdown_min": -0.6960246163412026,
  "max_drawdown_max": 0.0,
  "max_drawdown_median": -0.5777780487334903,
  "max_drawdown_q25": -0.5791276349484435,
  "max_drawdown_q75": -0.38468201086953585,
  "win_rate_mean": 0.43256091218048337,
  "win_rate_std": 0.005687925361869353,
  "win_rate_min": 0.41444411147737487,
  "win_rate_max": 0.4389556135770235,
  "win_rate_median": 0.4342324805339266,
  "win_rate_q25": 0.4329717163889965,
  "win_rate_q75": 0.43581675150393334,
  "total_trades_mean": 10039.888888888889,
  "total_trades_std": 3604.8316941585326,
  "total_trades_min": 