{
  "strategy": "long_term",
  "total_runs": 15,
  "first_run": 1,
  "last_run": 3,
  "aggregation_date": "2025-09-06 07:59:49",
  "total_return_mean": 0.8202902432109604,
  "total_return_std": 1.0230403114899846,
  "total_return_min": 0.0,
  "total_return_max": 2.6239399854579992,
  "total_return_median": 0.0,
  "total_return_q25": 0.0,
  "total_return_q75": 1.943742500281996,
  "sharpe_ratio_mean": 0.2978973449993402,
  "sharpe_ratio_std": 0.3684565184387867,
  "sharpe_ratio_min": 0.0,
  "sharpe_ratio_max": 0.9026033633228955,
  "sharpe_ratio_median": 0.0,
  "sharpe_ratio_q25": 0.0,
  "sharpe_ratio_q75": 0.6990601621485746,
  "max_drawdown_mean": -0.23389785551495634,
  "max_drawdown_std": 0.2885721505374232,
  "max_drawdown_min": -0.6960246163412026,
  "max_drawdown_max": 0.0,
  "max_drawdown_median": 0.0,
  "max_drawdown_q25": -0.5697444162496146,
  "max_drawdown_q75": 0.0,
  "win_rate_mean": 0.4300697466339604,
  "win_rate_std": 0.008069107743279125,
  "win_rate_min": 0.41444411147737487,
  "win_rate_max": 0.4389556135770235,
  "win_rate_median": 0.43392980041293877,
  "win_rate_q25": 0.42508298368566055,
  "win_rate_q75": 0.4361368738264211,
  "total_trades_mean": 7523.0,
  "total_trades_std": 3966.781751831914,
  "total_trades_min": 