{
  "strategy": "long_term",
  "total_runs": 12,
  "first_run": 1,
  "last_run": 3,
  "aggregation_date": "2025-09-06 07:04:27",
  "total_return_mean": 0.4827440551785347,
  "total_return_std": 0.8442445496127188,
  "total_return_min": 0.0,
  "total_return_max": 2.10352095088041,
  "total_return_median": 0.0,
  "total_return_q25": 0.0,
  "total_return_q75": 0.40023973505450144,
  "sharpe_ratio_mean": 0.17375135916373308,
  "sharpe_ratio_std": 0.30187577711848584,
  "sharpe_ratio_min": 0.0,
  "sharpe_ratio_max": 0.7603856394068977,
  "sharpe_ratio_median": 0.0,
  "sharpe_ratio_q25": 0.0,
  "sharpe_ratio_q75": 0.1624527932027963,
  "max_drawdown_mean": -0.13803603464847491,
  "max_drawdown_std": 0.23952264600357484,
  "max_drawdown_min": -0.5818122841899122,
  "max_drawdown_max": 0.0,
  "max_drawdown_median": 0.0,
  "max_drawdown_q25": -0.12822733695651195,
  "max_drawdown_q75": 0.0,
  "win_rate_mean": 0.42900210425687896,
  "win_rate_std": 0.00868044414517033,
  "win_rate_min": 0.41444411147737487,
  "win_rate_max": 0.4389556135770235,
  "win_rate_median": 0.43145404224990125,
  "win_rate_q25": 0.4211876832844575,
  "win_rate_q75": 0.436578188340692,
  "total_trades_mean": 6444.333333333333,
  "total_trades_std": 3609.9129106146343,
  "total_trades_min": 