{
  "strategy": "long_term",
  "total_runs": 30,
  "first_run": 1,
  "last_run": 3,
  "aggregation_date": "2025-09-09 06:07:15",
  "total_return_mean": 1.495382619275812,
  "total_return_std": 1.0152399437412214,
  "total_return_min": 0.0,
  "total_return_max": 2.6239399854579992,
  "total_return_median": 1.9164077221869964,
  "total_return_q25": 0.0,
  "total_return_q75": 2.05910589787725,
  "sharpe_ratio_mean": 0.5461893166705546,
  "sharpe_ratio_std": 0.36407319802993976,
  "sharpe_ratio_min": 0.0,
  "sharpe_ratio_max": 0.9026033633228957,
  "sharpe_ratio_median": 0.7233008265504353,
  "sharpe_ratio_q25": 0.0,
  "sharpe_ratio_q75": 0.7575396751519758,
  "max_drawdown_mean": -0.4256214972479192,
  "max_drawdown_std": 0.2827411008347527,
  "max_drawdown_min": -0.6960246163412026,
  "max_drawdown_max": 0.0,
  "max_drawdown_median": -0.5777780487334901,
  "max_drawdown_q25": -0.5782327518679539,
  "max_drawdown_q75": 0.0,
  "win_rate_mean": 0.4322050313881229,
  "win_rate_std": 0.006147529319251671,
  "win_rate_min": 0.41444411147737487,
  "win_rate_max": 0.4389556135770235,
  "win_rate_median": 0.4342324805339266,
  "win_rate_q25": 0.4329717163889965,
  "win_rate_q75": 0.43581675150393334,
  "total_trades_mean": 9680.333333333334,
  "total_trades_std": 3763.2431875828706,
  "total_trades_min": 