{
  "strategy": "long_term",
  "total_runs": 33,
  "first_run": 1,
  "last_run": 3,
  "aggregation_date": "2025-09-09 06:28:01",
  "total_return_mean": 1.5567546534635253,
  "total_return_std": 0.9920022329920807,
  "total_return_min": 0.0,
  "total_return_max": 2.6239399854579992,
  "total_return_median": 1.9164077221869964,
  "total_return_q25": 0.0,
  "total_return_q75": 2.0884487710440007,
  "sharpe_ratio_mean": 0.5687613140952104,
  "sharpe_ratio_std": 0.35516679402570034,
  "sharpe_ratio_min": 0.0,
  "sharpe_ratio_max": 0.9026033633228957,
  "sharpe_ratio_median": 0.7233008265504353,
  "sharpe_ratio_q25": 0.0,
  "sharpe_ratio_q75": 0.7575396751519758,
  "max_drawdown_mean": -0.44305091922364315,
  "max_drawdown_std": 0.2756705688936021,
  "max_drawdown_min": -0.6960246163412026,
  "max_drawdown_max": 0.0,
  "max_drawdown_median": -0.5777780487334901,
  "max_drawdown_q25": -0.578232751867954,
  "max_drawdown_q75": 0.0,
  "win_rate_mean": 0.43239914818395586,
  "win_rate_std": 0.005903935246811939,
  "win_rate_min": 0.41444411147737487,
  "win_rate_max": 0.4389556135770235,
  "win_rate_median": 0.4342324805339266,
  "win_rate_q25": 0.4329717163889965,
  "win_rate_q75": 0.43581675150393334,
  "total_trades_mean": 9876.454545454546,
  "total_trades_std": 3682.038072745311,
  "total_trades_min": 