{
  "strategy": "long_term",
  "total_runs": 27,
  "first_run": 1,
  "last_run": 3,
  "aggregation_date": "2025-09-09 04:28:51",
  "total_return_mean": 1.4203723552686058,
  "total_return_std": 1.0380226653882727,
  "total_return_min": 0.0,
  "total_return_max": 2.6239399854579992,
  "total_return_median": 1.9164077221869964,
  "total_return_q25": 0.0,
  "total_return_q75": 2.029763024710499,
  "sharpe_ratio_mean": 0.5186013198181975,
  "sharpe_ratio_std": 0.3728201203490114,
  "sharpe_ratio_min": 0.0,
  "sharpe_ratio_max": 0.9026033633228957,
  "sharpe_ratio_median": 0.7233008265504351,
  "sharpe_ratio_q25": 0.0,
  "sharpe_ratio_q75": 0.7575396751519758,
  "max_drawdown_mean": -0.4043188703887012,
  "max_drawdown_std": 0.289729349657227,
  "max_drawdown_min": -0.6960246163412026,
  "max_drawdown_max": 0.0,
  "max_drawdown_median": -0.5777780487334901,
  "max_drawdown_q25": -0.5782327518679538,
  "max_drawdown_q75": 0.0,
  "win_rate_mean": 0.4319677775265493,
  "win_rate_std": 0.006424780757599553,
  "win_rate_min": 0.41444411147737487,
  "win_rate_max": 0.4389556135770235,
  "win_rate_median": 0.4342324805339266,
  "win_rate_q25": 0.4329717163889965,
  "win_rate_q75": 0.43581675150393334,
  "total_trades_mean": 9440.62962962963,
  "total_trades_std": 3846.6192674544372,
  "total_trades_min": 