{
  "strategy": "swing_trading",
  "total_runs": 27,
  "first_run": 1,
  "last_run": 3,
  "aggregation_date": "2025-09-09 04:17:39",
  "total_return_mean": 0.41427076265937285,
  "total_return_std": 0.30487392940658903,
  "total_return_min": 0.0,
  "total_return_max": 0.7460322586730067,
  "total_return_median": 0.5318488213670017,
  "total_return_q25": 0.0,
  "total_return_q75": 0.6680096894940062,
  "sharpe_ratio_mean": 0.674253975602917,
  "sharpe_ratio_std": 0.4805337005414822,
  "sharpe_ratio_min": 0.0,
  "sharpe_ratio_max": 1.0772612479713721,
  "sharpe_ratio_median": 1.0094640160452946,
  "sharpe_ratio_q25": 0.0,
  "sharpe_ratio_q75": 1.039836097403489,
  "max_drawdown_mean": -0.5115312786628233,
  "max_drawdown_std": 0.367859906205451,
  "max_drawdown_min": -0.8164544516886335,
  "max_drawdown_max": 0.0,
  "max_drawdown_median": -0.7821447161945578,
  "max_drawdown_q25": -0.8085095376713243,
  "max_drawdown_q75": 0.0,
  "win_rate_mean": 0.4840600939100239,
  "win_rate_std": 0.007775367866377297,
  "win_rate_min": 0.47235798848702076,
  "win_rate_max": 0.4943907911423276,
  "win_rate_median": 0.4889052047642356,
  "win_rate_q25": 0.47390165824339286,
  "win_rate_q75": 0.4896176664469347,
  "total_trades_mean": 11067.407407407407,
  "total_trades_std": 1228.9943874524306,
  "total_trades_min": 