{
  "strategy": "swing_trading",
  "total_runs": 30,
  "first_run": 1,
  "last_run": 3,
  "aggregation_date": "2025-09-09 05:56:35",
  "total_return_mean": 0.4377067120445693,
  "total_return_std": 0.29896462822376707,
  "total_return_min": 0.0,
  "total_return_max": 0.7460322586730067,
  "total_return_median": 0.5318488213670018,
  "total_return_q25": 0.0,
  "total_return_q75": 0.6680096894940064,
  "sharpe_ratio_mean": 0.7110472900899639,
  "sharpe_ratio_std": 0.4691289690998849,
  "sharpe_ratio_min": 0.0,
  "sharpe_ratio_max": 1.0772612479713721,
  "sharpe_ratio_median": 1.0094640160452948,
  "sharpe_ratio_q25": 0.0,
  "sharpe_ratio_q75": 1.039836097403489,
  "max_drawdown_mean": -0.5406151076483582,
  "max_drawdown_std": 0.35975428527050896,
  "max_drawdown_min": -0.8164544516886335,
  "max_drawdown_max": 0.0,
  "max_drawdown_median": -0.7821447161945579,
  "max_drawdown_q25": -0.8085095376713243,
  "max_drawdown_q75": 0.0,
  "win_rate_mean": 0.48405168524766184,
  "win_rate_std": 0.007746415803008427,
  "win_rate_min": 0.47235798848702076,
  "win_rate_max": 0.4943907911423276,
  "win_rate_median": 0.4889052047642356,
  "win_rate_q25": 0.47365340444571596,
  "win_rate_q75": 0.4896176664469347,
  "total_trades_mean": 11169.866666666667,
  "total_trades_std": 1206.7802819440203,
  "total_trades_min": 