{
  "strategy": "swing_trading",
  "total_runs": 33,
  "first_run": 1,
  "last_run": 3,
  "aggregation_date": "2025-09-09 06:17:52",
  "total_return_mean": 0.45688157972336646,
  "total_return_std": 0.29264877157150476,
  "total_return_min": 0.0,
  "total_return_max": 0.7460322586730067,
  "total_return_median": 0.5318488213670021,
  "total_return_q25": 0.0,
  "total_return_q75": 0.6680096894940065,
  "sharpe_ratio_mean": 0.7411509110339111,
  "sharpe_ratio_std": 0.4573912008651801,
  "sharpe_ratio_min": 0.0,
  "sharpe_ratio_max": 1.0772612479713721,
  "sharpe_ratio_median": 1.0094640160452948,
  "sharpe_ratio_q25": 0.0,
  "sharpe_ratio_q75": 1.039836097403489,
  "max_drawdown_mean": -0.564410967727432,
  "max_drawdown_std": 0.35119707308348524,
  "max_drawdown_min": -0.8164544516886335,
  "max_drawdown_max": 0.0,
  "max_drawdown_median": -0.782144716194558,
  "max_drawdown_q25": -0.8085095376713244,
  "max_drawdown_q75": 0.0,
  "win_rate_mean": 0.48404480543300205,
  "win_rate_std": 0.0077226402088203016,
  "win_rate_min": 0.47235798848702076,
  "win_rate_max": 0.4943907911423276,
  "win_rate_median": 0.4889052047642356,
  "win_rate_q25": 0.47340515064803906,
  "win_rate_q75": 0.4896176664469347,
  "total_trades_mean": 11253.69696969697,
  "total_trades_std": 1181.7069442598827,
  "total_trades_min": 