{
  "strategy": "swing_trading",
  "total_runs": 12,
  "first_run": 1,
  "last_run": 3,
  "aggregation_date": "2025-09-06 06:55:30",
  "total_return_mean": 0.1213213953444167,
  "total_return_std": 0.211817216633219,
  "total_return_min": 0.0,
  "total_return_max": 0.550169306681998,
  "total_return_median": 0.0,
  "total_return_q25": 0.0,
  "total_return_q75": 0.10491213915675013,
  "sharpe_ratio_mean": 0.21433754451483167,
  "sharpe_ratio_std": 0.37128258810053555,
  "sharpe_ratio_min": 0.0,
  "sharpe_ratio_max": 0.8723699844534969,
  "sharpe_ratio_median": 0.0,
  "sharpe_ratio_q25": 0.0,
  "sharpe_ratio_q75": 0.21190827470685916,
  "max_drawdown_mean": -0.14798341634363762,
  "max_drawdown_std": 0.2574928325764461,
  "max_drawdown_min": -0.6531708853101049,
  "max_drawdown_max": 0.0,
  "max_drawdown_median": 0.0,
  "max_drawdown_q25": -0.13317331177323086,
  "max_drawdown_q75": 0.0,
  "win_rate_mean": 0.4841652021895502,
  "win_rate_std": 0.008127838562124488,
  "win_rate_min": 0.47235798848702076,
  "win_rate_max": 0.4943907911423276,
  "win_rate_median": 0.4864504147547054,
  "win_rate_q25": 0.47439816583874667,
  "win_rate_q75": 0.4909434381597955,
  "total_trades_mean": 9786.666666666666,
  "total_trades_std": 644.40946265209,
  "total_trades_min": 