{
  "strategy": "swing_trading",
  "total_runs": 24,
  "first_run": 1,
  "last_run": 3,
  "aggregation_date": "2025-09-09 03:55:33",
  "total_return_mean": 0.3849758259278772,
  "total_return_std": 0.3096186278920857,
  "total_return_min": 0.0,
  "total_return_max": 0.7460322586730067,
  "total_return_median": 0.5318488213670007,
  "total_return_q25": 0.0,
  "total_return_q75": 0.668009689494006,
  "sharpe_ratio_mean": 0.6282623324941085,
  "sharpe_ratio_std": 0.49055430970054387,
  "sharpe_ratio_min": 0.0,
  "sharpe_ratio_max": 1.0772612479713721,
  "sharpe_ratio_median": 0.9409170002493957,
  "sharpe_ratio_q25": 0.0,
  "sharpe_ratio_q75": 1.039836097403489,
  "max_drawdown_mean": -0.4751764924309047,
  "max_drawdown_std": 0.37458525031650075,
  "max_drawdown_min": -0.8164544516886335,
  "max_drawdown_max": 0.0,
  "max_drawdown_median": -0.7176578007523309,
  "max_drawdown_q25": -0.8085095376713239,
  "max_drawdown_q75": 0.0,
  "win_rate_mean": 0.48407060473797664,
  "win_rate_std": 0.007811394317180347,
  "win_rate_min": 0.47235798848702076,
  "win_rate_max": 0.4943907911423276,
  "win_rate_median": 0.4879547841313115,
  "win_rate_q25": 0.47414991204106977,
  "win_rate_q75": 0.4896176664469347,
  "total_trades_mean": 10939.333333333334,
  "total_trades_std": 1244.4024893721305,
  "total_trades_min": 