{
  "strategy": "swing_trading",
  "total_runs": 36,
  "first_run": 1,
  "last_run": 3,
  "aggregation_date": "2025-09-10 06:25:10",
  "total_return_mean": 0.4728606361223641,
  "total_return_std": 0.2863001730898392,
  "total_return_min": 0.0,
  "total_return_max": 0.7460322586730067,
  "total_return_median": 0.5318488213670025,
  "total_return_q25": 0.3147364174702504,
  "total_return_q75": 0.668009689494007,
  "sharpe_ratio_mean": 0.7662372618205341,
  "sharpe_ratio_std": 0.445824475687047,
  "sharpe_ratio_min": 0.0,
  "sharpe_ratio_max": 1.0772612479713721,
  "sharpe_ratio_median": 1.0094640160452948,
  "sharpe_ratio_q25": 0.6357248241205775,
  "sharpe_ratio_q75": 1.039836097403489,
  "max_drawdown_mean": -0.5842408511266601,
  "max_drawdown_std": 0.34264338513867104,
  "max_drawdown_min": -0.8164544516886335,
  "max_drawdown_max": 0.0,
  "max_drawdown_median": -0.7821447161945582,
  "max_drawdown_q25": -0.8085095376713245,
  "max_drawdown_q75": -0.39951993531969254,
  "win_rate_mean": 0.48403907225411885,
  "win_rate_std": 0.00770276646085662,
  "win_rate_min": 0.47235798848702076,
  "win_rate_max": 0.4943907911423276,
  "win_rate_median": 0.4889052047642356,
  "win_rate_q25": 0.47340515064803906,
  "win_rate_q75": 0.4896176664469347,
  "total_trades_mean": 11323.555555555555,
  "total_trades_std": 1155.7632505656272,
  "total_trades_min": 