{
  "strategy": "swing_trading",
  "total_runs": 15,
  "first_run": 1,
  "last_run": 3,
  "aggregation_date": "2025-09-06 07:47:43",
  "total_return_mean": 0.22678316757780098,
  "total_return_std": 0.28626679157102186,
  "total_return_min": 0.0,
  "total_return_max": 0.7460322586730044,
  "total_return_median": 0.0,
  "total_return_q25": 0.0,
  "total_return_q75": 0.5089438510955024,
  "sharpe_ratio_mean": 0.37990745970654227,
  "sharpe_ratio_std": 0.46913533619540465,
  "sharpe_ratio_min": 0.0,
  "sharpe_ratio_max": 1.077261247971371,
  "sharpe_ratio_median": 0.0,
  "sharpe_ratio_q25": 0.0,
  "sharpe_ratio_q75": 0.8622087176752717,
  "max_drawdown_mean": -0.2788606467785444,
  "max_drawdown_std": 0.3487125655440062,
  "max_drawdown_min": -0.8164544516886331,
  "max_drawdown_max": 0.0,
  "max_drawdown_median": 0.0,
  "max_drawdown_q25": -0.6215538745153639,
  "max_drawdown_q75": 0.0,
  "win_rate_mean": 0.4841273632089209,
  "win_rate_std": 0.008002896723640027,
  "win_rate_min": 0.47235798848702076,
  "win_rate_max": 0.4943907911423276,
  "win_rate_median": 0.4870043634983874,
  "win_rate_q25": 0.47439816583874667,
  "win_rate_q75": 0.4902805523033651,
  "total_trades_mean": 10247.733333333334,
  "total_trades_std": 1089.700354327841,
  "total_trades_min": 