{
  "strategy": "swing_trading",
  "total_runs": 18,
  "first_run": 1,
  "last_run": 3,
  "aggregation_date": "2025-09-07 06:23:03",
  "total_return_mean": 0.29709101573339036,
  "total_return_std": 0.3071027851362503,
  "total_return_min": 0.0,
  "total_return_max": 0.7460322586730067,
  "total_return_median": 0.20982427831350026,
  "total_return_q25": 0.0,
  "total_return_q75": 0.5455891853532493,
  "sharpe_ratio_mean": 0.4902874031676828,
  "sharpe_ratio_std": 0.49442232571422134,
  "sharpe_ratio_min": 0.0,
  "sharpe_ratio_max": 1.077261247971372,
  "sharpe_ratio_median": 0.4238165494137183,
  "sharpe_ratio_q25": 0.0,
  "sharpe_ratio_q75": 1.0094640160452946,
  "max_drawdown_mean": -0.36611213373514895,
  "max_drawdown_std": 0.37340817004268995,
  "max_drawdown_min": -0.8164544516886332,
  "max_drawdown_max": 0.0,
  "max_drawdown_median": -0.2663466235464617,
  "max_drawdown_q25": -0.7821447161945578,
  "max_drawdown_q75": 0.0,
  "win_rate_mean": 0.4841021372218344,
  "win_rate_std": 0.007918406570224891,
  "win_rate_min": 0.47235798848702076,
  "win_rate_max": 0.4943907911423276,
  "win_rate_median": 0.4870043634983874,
  "win_rate_q25": 0.47439816583874667,
  "win_rate_q75": 0.4896176664469347,
  "total_trades_mean": 10555.111111111111,
  "total_trades_std": 1210.7984917624904,
  "total_trades_min": 