{
  "strategy": "swing_trading",
  "total_runs": 21,
  "first_run": 1,
  "last_run": 3,
  "aggregation_date": "2025-09-08 06:26:17",
  "total_return_mean": 0.34731090727309716,
  "total_return_std": 0.3115931041264968,
  "total_return_min": 0.0,
  "total_return_max": 0.7460322586730067,
  "total_return_median": 0.4860388808240017,
  "total_return_q25": 0.0,
  "total_return_q75": 0.6680096894940057,
  "sharpe_ratio_mean": 0.5691302199256403,
  "sharpe_ratio_std": 0.49692905900243434,
  "sharpe_ratio_min": 0.0,
  "sharpe_ratio_max": 1.077261247971372,
  "sharpe_ratio_median": 0.8520474508970465,
  "sharpe_ratio_q25": 0.0,
  "sharpe_ratio_q75": 1.039836097403489,
  "max_drawdown_mean": -0.4284346244184379,
  "max_drawdown_std": 0.377954817938161,
  "max_drawdown_min": -0.8164544516886332,
  "max_drawdown_max": 0.0,
  "max_drawdown_median": -0.5899368637206228,
  "max_drawdown_q25": -0.8085095376713233,
  "max_drawdown_q75": 0.0,
  "win_rate_mean": 0.4840841186596299,
  "win_rate_std": 0.007857450668524904,
  "win_rate_min": 0.47235798848702076,
  "win_rate_max": 0.4943907911423276,
  "win_rate_median": 0.4870043634983874,
  "win_rate_q25": 0.47439816583874667,
  "win_rate_q75": 0.4896176664469347,
  "total_trades_mean": 10774.666666666666,
  "total_trades_std": 1244.7216301277715,
  "total_trades_min": 